{
  "history": {
    "bronze_age": {
      "points_of_interest": [
        {
          "name": "irbid_archaeological_museum",
          "type": "point",
          "points": [
            {
              "lat": 32.55780985045745,
              "lng": 35.8480322411916
            }
          ]
        }
      ]
    },
    "hellenistic_era": {
      "points_of_interest": [
        {
          "name": "irbid_archaeological_museum",
          "type": "point",
          "points": [
            {
              "lat": 32.55780985045745,
              "lng": 35.8480322411916
            }
          ]
        }
      ]
    },
    "roman_era": {
      "points_of_interest": [
        {
          "name": "irbid_archaeological_museum",
          "type": "point",
          "points": [
            {
              "lat": 32.55780985045745,
              "lng": 35.8480322411916
            }
          ]
        }
      ]
    },
    "islam_era": {
    },
    "present_day": {
    }
  }
}